-- ================================================================
-- SCHEMA: Módulo de Fretes — Ergotex One
-- Execute este arquivo inteiro no SQL Editor do Supabase:
-- https://supabase.com/dashboard/project/wwtdwdzowatzndjufwah/sql
-- ================================================================

-- 1. Estados
CREATE TABLE IF NOT EXISTS frete_estados (
  id   serial  PRIMARY KEY,
  nome text    NOT NULL,
  uf   char(2) NOT NULL
);

-- 2. Cidades
CREATE TABLE IF NOT EXISTS frete_cidades (
  id        serial  PRIMARY KEY,
  nome      text    NOT NULL,
  estado_id integer REFERENCES frete_estados(id)
);

-- 3. Produtos
CREATE TABLE IF NOT EXISTS frete_produtos (
  id          serial  PRIMARY KEY,
  nome        text    NOT NULL,
  largura     numeric,
  comprimento numeric,
  altura      numeric,
  peso        numeric
);

-- 4. Transportadoras
CREATE TABLE IF NOT EXISTS frete_transportadoras (
  id   serial PRIMARY KEY,
  nome text   NOT NULL
);

-- 5. Lançamentos de frete
CREATE TABLE IF NOT EXISTS frete_lancamentos (
  id                serial      PRIMARY KEY,
  produto_id        integer     REFERENCES frete_produtos(id),
  transportadora_id integer     REFERENCES frete_transportadoras(id),
  cidade_id         integer     REFERENCES frete_cidades(id),
  quantidade        integer,
  valor_frete       numeric,
  prazo_entrega     integer,
  data              timestamptz DEFAULT now(),
  created_at        timestamptz DEFAULT now()
);

-- ================================================================
-- RPC: Resultado consolidado por produto e estado
-- ================================================================
CREATE OR REPLACE FUNCTION frete_resultado_por_produto_estado(
  filtro_mes          integer DEFAULT NULL,
  filtro_ano          integer DEFAULT NULL,
  filtro_data_inicial date    DEFAULT NULL,
  filtro_data_final   date    DEFAULT NULL
)
RETURNS TABLE (
  produto             text,
  transportadora      text,
  estado              text,
  uf                  text,
  qtd_lancamentos     bigint,
  quantidade_media    numeric,
  cubagem_unitaria    numeric,
  cubagem_total_media numeric,
  peso_unitario       numeric,
  peso_total_medio    numeric,
  frete_medio         numeric
)
LANGUAGE sql
STABLE
AS $$
  SELECT
    p.nome::text                                                            AS produto,
    t.nome::text                                                            AS transportadora,
    e.nome::text                                                            AS estado,
    e.uf::text,
    COUNT(l.id)                                                             AS qtd_lancamentos,
    ROUND(AVG(l.quantidade), 2)                                             AS quantidade_media,
    ROUND((p.largura * p.comprimento * p.altura) / 1000000000.0, 6)        AS cubagem_unitaria,
    ROUND((p.largura * p.comprimento * p.altura) / 1000000000.0
          * AVG(l.quantidade), 4)                                           AS cubagem_total_media,
    ROUND(p.peso, 3)                                                        AS peso_unitario,
    ROUND(p.peso * AVG(l.quantidade), 3)                                    AS peso_total_medio,
    ROUND(AVG(l.valor_frete), 2)                                            AS frete_medio
  FROM frete_lancamentos l
  JOIN frete_produtos      p ON l.produto_id        = p.id
  JOIN frete_transportadoras t ON l.transportadora_id = t.id
  JOIN frete_cidades        c ON l.cidade_id         = c.id
  JOIN frete_estados        e ON c.estado_id          = e.id
  WHERE
    (filtro_mes          IS NULL OR EXTRACT(MONTH FROM l.data) = filtro_mes)
    AND (filtro_ano      IS NULL OR EXTRACT(YEAR  FROM l.data) = filtro_ano)
    AND (filtro_data_inicial IS NULL OR l.data::date >= filtro_data_inicial)
    AND (filtro_data_final   IS NULL OR l.data::date <= filtro_data_final)
  GROUP BY p.nome, t.nome, e.nome, e.uf, p.largura, p.comprimento, p.altura, p.peso
  ORDER BY p.nome, t.nome
$$;

-- ================================================================
-- Dados migrados do frete-dashboard para Ergotex One
-- Execute este arquivo no SQL Editor do Supabase:
-- https://supabase.com/dashboard/project/wwtdwdzowatzndjufwah/sql/new
-- ================================================================

-- 1. Estados
INSERT INTO frete_estados (id, nome, uf) VALUES
  (1, 'Acre', 'AC'),
  (2, 'Alagoas', 'AL'),
  (3, 'Amapá', 'AP'),
  (4, 'Amazonas', 'AM'),
  (5, 'Bahia', 'BA'),
  (6, 'Ceará', 'CE'),
  (7, 'Distrito Federal', 'DF'),
  (8, 'Espírito Santo', 'ES'),
  (9, 'Goiás', 'GO'),
  (10, 'Maranhão', 'MA'),
  (11, 'Mato Grosso', 'MT'),
  (12, 'Mato Grosso do Sul', 'MS'),
  (13, 'Minas Gerais', 'MG'),
  (14, 'Pará', 'PA'),
  (15, 'Paraíba', 'PB'),
  (16, 'Paraná', 'PR'),
  (17, 'Pernambuco', 'PE'),
  (18, 'Piauí', 'PI'),
  (19, 'Rio de Janeiro', 'RJ'),
  (20, 'Rio Grande do Norte', 'RN'),
  (21, 'Rio Grande do Sul', 'RS'),
  (22, 'Rondônia', 'RO'),
  (23, 'Roraima', 'RR'),
  (24, 'Santa Catarina', 'SC'),
  (25, 'São Paulo', 'SP'),
  (26, 'Sergipe', 'SE'),
  (27, 'Tocantins', 'TO');
SELECT setval('frete_estados_id_seq', (SELECT MAX(id) FROM frete_estados));

-- 2. Cidades
INSERT INTO frete_cidades (id, nome, estado_id) VALUES
  (1, 'Curitiba', 16),
  (2, 'São José dos Pinhais', 16),
  (3, 'Colombo', 16),
  (4, 'Pinhais', 16),
  (5, 'Araucária', 16),
  (6, 'Londrina', 16),
  (7, 'Maringá', 16),
  (8, 'Cascavel', 16),
  (9, 'Foz do Iguaçu', 16),
  (10, 'Ponta Grossa', 16),
  (11, 'Florianópolis', 24),
  (12, 'São José', 24),
  (13, 'Joinville', 24),
  (14, 'Blumenau', 24),
  (15, 'Itajaí', 24),
  (16, 'Balneário Camboriú', 24),
  (17, 'Chapecó', 24),
  (18, 'Criciúma', 24),
  (19, 'Porto Alegre', 21),
  (20, 'Caxias do Sul', 21),
  (21, 'Canoas', 21),
  (22, 'Pelotas', 21),
  (23, 'Santa Maria', 21),
  (24, 'Gravataí', 21),
  (25, 'Novo Hamburgo', 21),
  (26, 'Goiânia', 9),
  (27, 'Aparecida de Goiânia', 9),
  (28, 'Anápolis', 9),
  (29, 'Rio Verde', 9),
  (30, 'Luziânia', 9),
  (31, 'Cuiabá', 11),
  (32, 'Várzea Grande', 11),
  (33, 'Rondonópolis', 11),
  (34, 'Sinop', 11),
  (35, 'Campo Grande', 12),
  (36, 'Dourados', 12),
  (37, 'Três Lagoas', 12),
  (38, 'Corumbá', 12),
  (39, 'Brasília', 7),
  (40, 'São Paulo', 25),
  (41, 'Campinas', 25),
  (42, 'Santos', 25),
  (43, 'Rio de Janeiro', 19),
  (44, 'Niterói', 19),
  (45, 'Belo Horizonte', 13),
  (46, 'Uberlândia', 13),
  (47, 'Salvador', 5),
  (48, 'Recife', 17),
  (49, 'Guarulhos', 25),
  (50, 'Barueri', 25),
  (51, 'Bauru', 25),
  (52, 'Sorocaba', 25),
  (53, 'Lages', 24);
SELECT setval('frete_cidades_id_seq', (SELECT MAX(id) FROM frete_cidades));

-- 3. Produtos
INSERT INTO frete_produtos (id, nome, largura, comprimento, altura, peso) VALUES
  (14, 'Cadeira Executiva', 500, 500, 500, 11),
  (15, 'Cadeira Diretor', 600, 550, 500, 11),
  (16, 'Cadeira Presidente', 700, 600, 650, 12),
  (17, 'Cadeira Presidente alta', 780, 650, 500, 13);
SELECT setval('frete_produtos_id_seq', (SELECT MAX(id) FROM frete_produtos));

-- 4. Transportadoras
INSERT INTO frete_transportadoras (id, nome) VALUES
  (8, 'Brasspress'),
  (9, 'Millenium'),
  (10, 'Rodonaves'),
  (11, 'Expresso São Miguel');
SELECT setval('frete_transportadoras_id_seq', (SELECT MAX(id) FROM frete_transportadoras));

-- 5. Lançamentos
INSERT INTO frete_lancamentos (id, produto_id, transportadora_id, cidade_id, quantidade, valor_frete, prazo_entrega, data, created_at) VALUES
  (75, 14, 11, 41, 1, 80.73, 3, '2026-04-20T14:34:48.263494', '2026-04-20T14:34:48.263494'),
  (76, 14, 11, 51, 1, 84.71, 3, '2026-04-20T14:36:55.27053', '2026-04-20T14:36:55.27053'),
  (77, 14, 11, 13, 1, 55.47, 3, '2026-04-20T14:39:14.610953', '2026-04-20T14:39:14.610953'),
  (78, 14, 11, 11, 1, 76.73, 3, '2026-04-20T14:39:44.67436', '2026-04-20T14:39:44.67436'),
  (79, 14, 11, 14, 1, 63.18, 3, '2026-04-20T14:40:37.004311', '2026-04-20T14:40:37.004311'),
  (80, 14, 11, 15, 1, 63.18, 3, '2026-04-20T14:41:24.475695', '2026-04-20T14:41:24.475695'),
  (81, 14, 11, 53, 1, 64.38, 3, '2026-04-20T14:42:14.072335', '2026-04-20T14:42:14.072335'),
  (82, 14, 11, 19, 1, 112.51, 3, '2026-04-20T14:44:35.266216', '2026-04-20T14:44:35.266216'),
  (19, 14, 10, 40, 1, 152.77, 4, '2026-04-20T13:12:06.369692', '2026-04-20T13:12:06.369692'),
  (20, 14, 10, 41, 1, 125.07, 4, '2026-04-20T13:12:39.33692', '2026-04-20T13:12:39.33692'),
  (21, 14, 10, 49, 1, 152.77, 4, '2026-04-20T13:13:10.671273', '2026-04-20T13:13:10.671273'),
  (22, 14, 10, 50, 1, 165.15, 4, '2026-04-20T13:14:28.879396', '2026-04-20T13:14:28.879396'),
  (23, 14, 10, 51, 1, 110.45, 5, '2026-04-20T13:15:30.024003', '2026-04-20T13:15:30.024003'),
  (24, 14, 10, 52, 1, 91.24, 4, '2026-04-20T13:16:29.116925', '2026-04-20T13:16:29.116925'),
  (25, 14, 10, 13, 1, 79.16, 3, '2026-04-20T13:19:43.954599', '2026-04-20T13:19:43.954599'),
  (26, 14, 10, 11, 1, 121.21, 4, '2026-04-20T13:22:33.745367', '2026-04-20T13:22:33.745367'),
  (27, 14, 10, 14, 1, 91.24, 4, '2026-04-20T13:23:02.027265', '2026-04-20T13:23:02.027265'),
  (28, 14, 10, 15, 1, 97.05, 4, '2026-04-20T13:23:22.874437', '2026-04-20T13:23:22.874437'),
  (29, 14, 10, 53, 1, 91.24, 4, '2026-04-20T13:24:36.17167', '2026-04-20T13:24:36.17167'),
  (30, 14, 10, 19, 1, 131.55, 4, '2026-04-20T13:26:16.594756', '2026-04-20T13:26:16.594756'),
  (31, 14, 10, 23, 1, 138.94, 5, '2026-04-20T13:26:46.585251', '2026-04-20T13:26:46.585251'),
  (32, 14, 10, 22, 1, 253.16, 5, '2026-04-20T13:29:50.690741', '2026-04-20T13:29:50.690741'),
  (33, 15, 10, 40, 1, 170.48, 4, '2026-04-20T13:35:47.715853', '2026-04-20T13:35:47.715853'),
  (34, 15, 10, 41, 1, 142.77, 4, '2026-04-20T13:36:25.804222', '2026-04-20T13:36:25.804222'),
  (35, 15, 10, 49, 1, 170.42, 4, '2026-04-20T13:37:04.230148', '2026-04-20T13:37:04.230148'),
  (36, 15, 10, 50, 1, 182.85, 4, '2026-04-20T13:38:24.151487', '2026-04-20T13:38:24.151487'),
  (37, 15, 10, 51, 1, 128.16, 5, '2026-04-20T13:38:56.6255', '2026-04-20T13:38:56.6255'),
  (38, 15, 10, 52, 1, 106.61, 4, '2026-04-20T13:39:22.322613', '2026-04-20T13:39:22.322613'),
  (39, 15, 10, 13, 1, 94.52, 3, '2026-04-20T13:50:41.284242', '2026-04-20T13:50:41.284242'),
  (40, 15, 10, 11, 1, 136.59, 4, '2026-04-20T13:51:15.556177', '2026-04-20T13:51:15.556177'),
  (41, 15, 10, 14, 1, 106.61, 4, '2026-04-20T13:54:41.175747', '2026-04-20T13:54:41.175747'),
  (42, 15, 10, 15, 1, 112.43, 4, '2026-04-20T13:55:38.750367', '2026-04-20T13:55:38.750367'),
  (43, 15, 10, 53, 1, 106.61, 4, '2026-04-20T13:56:38.774728', '2026-04-20T13:56:38.774728'),
  (44, 15, 10, 19, 1, 151.07, 4, '2026-04-20T13:58:33.831782', '2026-04-20T13:58:33.831782'),
  (45, 15, 10, 23, 1, 161.88, 5, '2026-04-20T13:59:34.389404', '2026-04-20T13:59:34.389404'),
  (46, 15, 10, 22, 1, 297.29, 5, '2026-04-20T14:00:01.869', '2026-04-20T14:00:01.869'),
  (47, 16, 10, 40, 1, 191.04, 4, '2026-04-20T14:01:17.642262', '2026-04-20T14:01:17.642262'),
  (48, 16, 10, 41, 1, 163.34, 4, '2026-04-20T14:01:51.745158', '2026-04-20T14:01:51.745158'),
  (49, 16, 10, 49, 1, 191.04, 4, '2026-04-20T14:02:30.565205', '2026-04-20T14:02:30.565205'),
  (50, 16, 10, 50, 1, 203.42, 4, '2026-04-20T14:03:01.887461', '2026-04-20T14:03:01.887461'),
  (51, 16, 10, 51, 1, 148.73, 5, '2026-04-20T14:03:31.738084', '2026-04-20T14:03:31.738084'),
  (52, 16, 10, 52, 1, 123.87, 4, '2026-04-20T14:05:04.560103', '2026-04-20T14:05:04.560103'),
  (53, 16, 10, 13, 1, 108.55, 3, '2026-04-20T14:05:50.055393', '2026-04-20T14:05:50.055393'),
  (54, 16, 10, 11, 1, 153.85, 4, '2026-04-20T14:07:24.457791', '2026-04-20T14:07:24.457791'),
  (55, 16, 10, 14, 1, 123.87, 4, '2026-04-20T14:08:21.737175', '2026-04-20T14:08:21.737175'),
  (56, 16, 10, 15, 1, 138.43, 4, '2026-04-20T14:09:40.918272', '2026-04-20T14:09:40.918272'),
  (57, 16, 10, 53, 1, 123.87, 4, '2026-04-20T14:10:36.911291', '2026-04-20T14:10:36.911291'),
  (58, 16, 10, 19, 1, 183.09, 4, '2026-04-20T14:11:47.717132', '2026-04-20T14:11:47.717132'),
  (59, 16, 10, 23, 1, 186.84, 5, '2026-04-20T14:12:12.397696', '2026-04-20T14:12:12.397696'),
  (60, 16, 10, 22, 1, 339.6, 5, '2026-04-20T14:13:06.664614', '2026-04-20T14:13:06.664614'),
  (61, 17, 10, 40, 1, 191.04, 4, '2026-04-20T14:14:09.342344', '2026-04-20T14:14:09.342344'),
  (62, 17, 10, 41, 1, 163.34, 4, '2026-04-20T14:15:17.825937', '2026-04-20T14:15:17.825937'),
  (63, 17, 10, 49, 1, 191.04, 4, '2026-04-20T14:18:54.253541', '2026-04-20T14:18:54.253541'),
  (64, 17, 10, 50, 1, 191.04, 4, '2026-04-20T14:19:30.818708', '2026-04-20T14:19:30.818708'),
  (65, 17, 10, 51, 1, 148.73, 5, '2026-04-20T14:20:52.628127', '2026-04-20T14:20:52.628127'),
  (66, 17, 10, 52, 1, 123.87, 4, '2026-04-20T14:21:42.924182', '2026-04-20T14:21:42.924182'),
  (67, 17, 10, 13, 1, 108.52, 3, '2026-04-20T14:23:01.112384', '2026-04-20T14:23:01.112384'),
  (68, 17, 10, 11, 1, 153.85, 4, '2026-04-20T14:23:56.883284', '2026-04-20T14:23:56.883284'),
  (69, 17, 10, 14, 1, 123.87, 4, '2026-04-20T14:25:29.418118', '2026-04-20T14:25:29.418118'),
  (70, 17, 10, 15, 1, 138.43, 4, '2026-04-20T14:26:38.032691', '2026-04-20T14:26:38.032691'),
  (71, 17, 10, 53, 1, 123.87, 4, '2026-04-20T14:28:48.56058', '2026-04-20T14:28:48.56058'),
  (72, 17, 10, 19, 1, 183.09, 4, '2026-04-20T14:30:23.316376', '2026-04-20T14:30:23.316376'),
  (73, 17, 10, 23, 1, 186.84, 5, '2026-04-20T14:31:29.598022', '2026-04-20T14:31:29.598022'),
  (74, 17, 10, 22, 1, 339.6, 5, '2026-04-20T14:32:16.57262', '2026-04-20T14:32:16.57262'),
  (83, 14, 11, 23, 1, 120.37, 3, '2026-04-20T14:45:43.492193', '2026-04-20T14:45:43.492193'),
  (84, 14, 11, 22, 1, 134.87, 4, '2026-04-20T14:46:44.387423', '2026-04-20T14:46:44.387423'),
  (85, 15, 11, 41, 1, 81.69, 4, '2026-04-20T14:48:14.776253', '2026-04-20T14:48:14.776253'),
  (86, 15, 11, 51, 1, 85.67, 4, '2026-04-20T14:49:31.636971', '2026-04-20T14:49:31.636971'),
  (87, 15, 11, 13, 1, 56.44, 4, '2026-04-20T14:50:31.116697', '2026-04-20T14:50:31.116697'),
  (88, 15, 11, 11, 1, 77.7, 3, '2026-04-20T14:51:19.451186', '2026-04-20T14:51:19.451186'),
  (89, 15, 11, 14, 1, 64.14, 3, '2026-04-20T14:52:36.541026', '2026-04-20T14:52:36.541026'),
  (90, 15, 11, 15, 1, 64.14, 4, '2026-04-20T14:53:56.784855', '2026-04-20T14:53:56.784855'),
  (91, 15, 11, 53, 1, 65.35, 4, '2026-04-20T14:54:29.850965', '2026-04-20T14:54:29.850965'),
  (92, 15, 11, 19, 1, 113.47, 3, '2026-04-20T14:55:28.837769', '2026-04-20T14:55:28.837769'),
  (93, 15, 11, 23, 1, 121.34, 4, '2026-04-20T14:56:15.23681', '2026-04-20T14:56:15.23681'),
  (94, 15, 11, 22, 1, 135.84, 4, '2026-04-20T14:56:45.417922', '2026-04-20T14:56:45.417922'),
  (95, 16, 11, 41, 1, 82.21, 3, '2026-04-20T16:03:55.494313', '2026-04-20T16:03:55.494313'),
  (96, 16, 11, 51, 1, 86.18, 3, '2026-04-20T16:04:36.813338', '2026-04-20T16:04:36.813338'),
  (97, 16, 11, 13, 1, 56.95, 3, '2026-04-20T16:05:49.938525', '2026-04-20T16:05:49.938525'),
  (98, 16, 11, 11, 1, 78.21, 3, '2026-04-20T16:06:14.299981', '2026-04-20T16:06:14.299981'),
  (99, 16, 11, 14, 1, 64.65, 3, '2026-04-20T16:06:42.740794', '2026-04-20T16:06:42.740794'),
  (100, 16, 11, 15, 1, 64.65, 3, '2026-04-20T16:07:28.748222', '2026-04-20T16:07:28.748222'),
  (101, 16, 11, 53, 1, 65.86, 3, '2026-04-20T16:07:53.649548', '2026-04-20T16:07:53.649548'),
  (102, 16, 11, 19, 1, 113.98, 3, '2026-04-20T16:08:48.560629', '2026-04-20T16:08:48.560629'),
  (103, 16, 11, 23, 1, 121.85, 4, '2026-04-20T16:09:12.569493', '2026-04-20T16:09:12.569493'),
  (104, 16, 11, 22, 1, 136.35, 4, '2026-04-20T16:10:09.868167', '2026-04-20T16:10:09.868167'),
  (105, 17, 11, 41, 1, 84.5, 3, '2026-04-20T16:11:26.759189', '2026-04-20T16:11:26.759189'),
  (106, 17, 11, 51, 1, 88.57, 3, '2026-04-20T16:11:48.487557', '2026-04-20T16:11:48.487557'),
  (107, 17, 11, 13, 1, 58.8, 3, '2026-04-20T16:15:13.396833', '2026-04-20T16:15:13.396833'),
  (108, 17, 11, 11, 1, 80.59, 3, '2026-04-20T16:15:48.234413', '2026-04-20T16:15:48.234413'),
  (109, 17, 11, 14, 1, 66.69, 3, '2026-04-20T16:16:45.639916', '2026-04-20T16:16:45.639916'),
  (110, 17, 11, 15, 1, 66.69, 3, '2026-04-20T16:17:14.868637', '2026-04-20T16:17:14.868637'),
  (111, 17, 11, 53, 1, 67.93, 3, '2026-04-20T16:17:46.459277', '2026-04-20T16:17:46.459277'),
  (112, 17, 11, 19, 1, 117.22, 3, '2026-04-20T16:18:28.550587', '2026-04-20T16:18:28.550587'),
  (113, 17, 11, 23, 1, 125.28, 4, '2026-04-20T16:19:35.768477', '2026-04-20T16:19:35.768477'),
  (114, 17, 11, 22, 1, 140.13, 4, '2026-04-20T16:20:01.914722', '2026-04-20T16:20:01.914722'),
  (115, 14, 8, 40, 1, 139.05, 7, '2026-04-20T16:32:19.67467', '2026-04-20T16:32:19.67467'),
  (116, 14, 8, 41, 1, 106.52, 4, '2026-04-20T16:33:02.802423', '2026-04-20T16:33:02.802423'),
  (117, 14, 8, 49, 1, 139.05, 7, '2026-04-20T18:23:33.011665', '2026-04-20T18:23:33.011665'),
  (118, 14, 8, 50, 1, 139.05, 7, '2026-04-20T18:25:27.741841', '2026-04-20T18:25:27.741841'),
  (119, 14, 8, 51, 1, 106.52, 6, '2026-04-20T18:25:53.571261', '2026-04-20T18:25:53.571261'),
  (120, 14, 8, 52, 1, 106.52, 4, '2026-04-20T18:26:25.19628', '2026-04-20T18:26:25.19628'),
  (121, 14, 8, 13, 1, 93.47, 5, '2026-04-20T18:28:23.052277', '2026-04-20T18:28:23.052277'),
  (122, 14, 8, 11, 1, 85.83, 5, '2026-04-20T18:28:57.599942', '2026-04-20T18:28:57.599942'),
  (123, 14, 8, 14, 1, 93.47, 5, '2026-04-20T18:31:07.854819', '2026-04-20T18:31:07.854819'),
  (124, 14, 8, 15, 1, 93.47, 4, '2026-04-20T19:15:14.98676', '2026-04-20T19:15:14.98676'),
  (125, 14, 8, 53, 1, 100.27, 6, '2026-04-20T19:15:40.34287', '2026-04-20T19:15:40.34287'),
  (126, 14, 8, 19, 1, 98.71, 5, '2026-04-20T19:16:46.298816', '2026-04-20T19:16:46.298816'),
  (127, 14, 8, 23, 1, 107.61, 5, '2026-04-20T19:17:35.321815', '2026-04-20T19:17:35.321815'),
  (128, 14, 8, 22, 1, 107.61, 6, '2026-04-20T19:18:36.789456', '2026-04-20T19:18:36.789456'),
  (129, 15, 8, 40, 1, 153.49, 5, '2026-04-22T13:34:35.087414', '2026-04-22T13:34:35.087414'),
  (130, 15, 8, 41, 1, 117.04, 4, '2026-04-22T13:35:10.097804', '2026-04-22T13:35:10.097804'),
  (131, 15, 8, 49, 1, 153.49, 5, '2026-04-22T13:36:24.340064', '2026-04-22T13:36:24.340064'),
  (132, 15, 8, 50, 1, 153.49, 5, '2026-04-22T13:37:08.413696', '2026-04-22T13:37:08.413696'),
  (133, 15, 8, 51, 1, 117.04, 4, '2026-04-22T13:37:54.530547', '2026-04-22T13:37:54.530547'),
  (134, 15, 8, 52, 1, 117.04, 4, '2026-04-22T13:39:11.305579', '2026-04-22T13:39:11.305579'),
  (135, 15, 8, 13, 1, 103.46, 5, '2026-04-22T13:39:47.953032', '2026-04-22T13:39:47.953032'),
  (136, 15, 8, 11, 1, 94.98, 5, '2026-04-22T13:40:26.004823', '2026-04-22T13:40:26.004823'),
  (137, 15, 8, 14, 1, 103.46, 5, '2026-04-22T13:41:12.585658', '2026-04-22T13:41:12.585658'),
  (138, 15, 8, 15, 1, 103.46, 4, '2026-04-22T13:41:59.204436', '2026-04-22T13:41:59.204436'),
  (139, 15, 8, 53, 1, 111.03, 6, '2026-04-22T13:44:29.251215', '2026-04-22T13:44:29.251215'),
  (140, 15, 8, 19, 1, 109.31, 5, '2026-04-22T13:45:25.14065', '2026-04-22T13:45:25.14065'),
  (141, 15, 8, 23, 1, 119.22, 5, '2026-04-22T13:46:34.275553', '2026-04-22T13:46:34.275553'),
  (142, 15, 8, 22, 1, 119.22, 6, '2026-04-22T13:48:23.701815', '2026-04-22T13:48:23.701815'),
  (143, 16, 8, 40, 1, 189.61, 5, '2026-04-22T13:51:08.251811', '2026-04-22T13:51:08.251811'),
  (144, 16, 8, 41, 1, 143.41, 4, '2026-04-22T13:52:04.884915', '2026-04-22T13:52:04.884915'),
  (145, 16, 8, 49, 1, 189.61, 6, '2026-04-22T13:57:57.556875', '2026-04-22T13:57:57.556875'),
  (146, 16, 8, 50, 1, 189.61, 6, '2026-04-22T13:58:53.902388', '2026-04-22T13:58:53.902388'),
  (147, 16, 8, 51, 1, 143.41, 5, '2026-04-22T13:59:23.22305', '2026-04-22T13:59:23.22305'),
  (148, 16, 8, 52, 1, 143.41, 4, '2026-04-22T14:02:18.87241', '2026-04-22T14:02:18.87241'),
  (149, 16, 8, 13, 1, 127.48, 5, '2026-04-22T14:03:14.174027', '2026-04-22T14:03:14.174027'),
  (150, 16, 8, 11, 1, 118.94, 4, '2026-04-22T14:04:02.753506', '2026-04-22T14:04:02.753506'),
  (151, 16, 8, 14, 1, 127.48, 5, '2026-04-22T14:04:37.536338', '2026-04-22T14:04:37.536338'),
  (152, 16, 8, 15, 1, 127.48, 4, '2026-04-22T14:05:20.243', '2026-04-22T14:05:20.243'),
  (153, 16, 8, 53, 1, 138.95, 5, '2026-04-22T14:06:09.918659', '2026-04-22T14:06:09.918659'),
  (154, 16, 8, 19, 1, 135.07, 5, '2026-04-22T14:06:42.695864', '2026-04-22T14:06:42.695864'),
  (155, 16, 8, 23, 1, 148.34, 5, '2026-04-22T14:07:42.597592', '2026-04-22T14:07:42.597592'),
  (156, 16, 8, 22, 1, 148.34, 5, '2026-04-22T14:08:16.159761', '2026-04-22T14:08:16.159761'),
  (157, 17, 8, 40, 1, 209.88, 5, '2026-04-22T14:10:17.345356', '2026-04-22T14:10:17.345356'),
  (158, 17, 8, 41, 1, 157.54, 4, '2026-04-22T14:11:05.728606', '2026-04-22T14:11:05.728606'),
  (159, 17, 8, 49, 1, 209.88, 6, '2026-04-22T14:12:17.403602', '2026-04-22T14:12:17.403602'),
  (160, 17, 8, 50, 1, 209.88, 5, '2026-04-22T14:14:49.417992', '2026-04-22T14:14:49.417992'),
  (161, 17, 8, 51, 1, 157.54, 5, '2026-04-22T14:16:07.18304', '2026-04-22T14:16:07.18304'),
  (162, 17, 8, 52, 1, 157.54, 4, '2026-04-22T14:19:22.045289', '2026-04-22T14:19:22.045289'),
  (163, 17, 8, 13, 1, 140.85, 5, '2026-04-22T16:05:48.861207', '2026-04-22T16:05:48.861207'),
  (164, 17, 8, 11, 1, 131.35, 5, '2026-04-22T16:06:21.795663', '2026-04-22T16:06:21.795663'),
  (165, 17, 8, 14, 1, 140.85, 5, '2026-04-22T16:07:23.080981', '2026-04-22T16:07:23.080981'),
  (166, 17, 8, 15, 1, 140.85, 4, '2026-04-22T16:07:47.500063', '2026-04-22T16:07:47.500063'),
  (167, 17, 8, 53, 1, 153.59, 6, '2026-04-22T16:08:12.427937', '2026-04-22T16:08:12.427937'),
  (168, 17, 8, 19, 1, 149.27, 5, '2026-04-22T16:08:51.82024', '2026-04-22T16:08:51.82024'),
  (169, 17, 8, 23, 1, 164.02, 5, '2026-04-22T16:09:28.876772', '2026-04-22T16:09:28.876772'),
  (170, 17, 8, 22, 1, 164.02, 6, '2026-04-22T16:10:03.279254', '2026-04-22T16:10:03.279254');
SELECT setval('frete_lancamentos_id_seq', (SELECT MAX(id) FROM frete_lancamentos));